Nze121,9,1,1,1,4/1/2023 0:00
Nze124,9,1,1,1,4/1/2023 0:00
Zze123,9,1,1,1,4/1/2023 0:00
Azt240 ,10,1,1,1,4/1/2023 0:00
Nzt240,10,1,1,1,4/1/2023 0:00
Nzt260,10,1,1,1,4/1/2023 0:00
Zrt260,10,1,1,1,4/1/2023 0:00
Zrt261,10,1,1,1,4/1/2023 0:00
Zrt265,10,1,1,1,4/1/2023 0:00
Zzt240,10,1,1,1,4/1/2023 0:00
Zzt245,10,1,1,1,4/1/2023 0:00
0028399,11,1,1,1,4/1/2023 0:00
8301639,11,1,1,1,4/1/2023 0:00
Agh30,11,1,1,1,4/1/2023 0:00
Agh30w,11,1,1,1,4/1/2023 0:00
Agh35w,11,1,1,1,4/1/2023 0:00
Alphard-2.4 A,11,1,1,1,4/1/2023 0:00
Anh10w,11,1,1,1,4/1/2023 0:00
Anh15w,11,1,1,1,4/1/2023 0:00
Anh20w,11,1,1,1,4/1/2023 0:00
Anh20w,11,1,1,1,4/1/2023 0:00
Anh25w,11,1,1,1,4/1/2023 0:00
Ayh30w,11,1,1,1,4/1/2023 0:00
Ggh20w,11,1,1,1,4/1/2023 0:00
Ggh25w,11,1,1,1,4/1/2023 0:00
Ggh30w,11,1,1,1,4/1/2023 0:00
Ggh35w,11,1,1,1,4/1/2023 0:00
Mnh10w,11,1,1,1,4/1/2023 0:00
Mnh15w,11,1,1,1,4/1/2023 0:00
Ath10w,12,1,1,1,4/1/2023 0:00
Ath20w,12,1,1,1,4/1/2023 0:00
Ayh30w,12,1,1,1,4/1/2023 0:00
0069068,22,1,1,1,4/1/2023 0:00
Ncp30,22,1,1,1,4/1/2023 0:00
Ncp31,22,1,1,1,4/1/2023 0:00
Ncp34,22,1,1,1,4/1/2023 0:00
Ncp35,22,1,1,1,4/1/2023 0:00
Qnc20,22,1,1,1,4/1/2023 0:00
Qnc21,22,1,1,1,4/1/2023 0:00
Qnc25,22,1,1,1,4/1/2023 0:00
Ae100,41,1,1,1,4/1/2023 0:00
Ae110,41,1,1,1,4/1/2023 0:00
Ae111,41,1,1,1,4/1/2023 0:00
Ae70,41,1,1,1,4/1/2023 0:00
Ae91,41,1,1,1,4/1/2023 0:00
Ae95,41,1,1,1,4/1/2023 0:00
Mzea17,41,1,1,1,4/1/2023 0:00
Nre210,41,1,1,1,4/1/2023 0:00
Nre210h,41,1,1,1,4/1/2023 0:00
Nze120,41,1,1,1,4/1/2023 0:00
Nze121,41,1,1,1,4/1/2023 0:00
Nze121 Aemek,41,1,1,1,4/1/2023 0:00
Nze124,41,1,1,1,4/1/2023 0:00
Spec Gcc,41,1,1,1,4/1/2023 0:00
Spec Import,41,1,1,1,4/1/2023 0:00
Specs Gcc,41,1,1,1,4/1/2023 0:00
Specs Import,41,1,1,1,4/1/2023 0:00
Specs: Gcc,41,1,1,1,4/1/2023 0:00
Specs: Import,41,1,1,1,4/1/2023 0:00
Zre212,41,1,1,1,4/1/2023 0:00
Zre212w,41,1,1,1,4/1/2023 0:00
Zvg11,41,1,1,1,4/1/2023 0:00
Zwe211,41,1,1,1,4/1/2023 0:00
Zwe211h,41,1,1,1,4/1/2023 0:00
Zwe213h,41,1,1,1,4/1/2023 0:00
Zwe214,41,1,1,1,4/1/2023 0:00
Zze124,41,1,1,1,4/1/2023 0:00
