1,1.jpeg,1,1,1,4/1/2023 0:00
1,2.jpeg,1,1,1,4/1/2023 0:00
1,3.jpeg,1,1,1,4/1/2023 0:00
1,4.jpeg,1,1,1,4/1/2023 0:00
1,5.jpeg,1,1,1,4/1/2023 0:00
1,6.jpeg,1,1,1,4/1/2023 0:00
1,7.jpeg,1,1,1,4/1/2023 0:00
1,8.jpeg,1,1,1,4/1/2023 0:00
1,9.jpeg,1,1,1,4/1/2023 0:00
1,10.jpeg,1,1,1,4/1/2023 0:00
1,11.jpeg,1,1,1,4/1/2023 0:00
1,12.jpeg,1,1,1,4/1/2023 0:00
1,13.jpeg,1,1,1,4/1/2023 0:00
1,14.jpeg,1,1,1,4/1/2023 0:00
1,15.jpeg,1,1,1,4/1/2023 0:00
1,16.jpeg,1,1,1,4/1/2023 0:00
1,17.jpeg,1,1,1,4/1/2023 0:00
1,18.jpeg,1,1,1,4/1/2023 0:00
1,19.jpeg,1,1,1,4/1/2023 0:00
1,20.jpeg,1,1,1,4/1/2023 0:00
1,21.jpeg,1,1,1,4/1/2023 0:00
1,22.jpeg,1,1,1,4/1/2023 0:00
1,23.jpeg,1,1,1,4/1/2023 0:00
1,24.jpeg,1,1,1,4/1/2023 0:00
1,25.jpeg,1,1,1,4/1/2023 0:00
1,26.jpeg,1,1,1,4/1/2023 0:00
2,1.jpeg,1,1,1,4/1/2023 0:00
2,2.jpeg,1,1,1,4/1/2023 0:00
2,3.jpeg,1,1,1,4/1/2023 0:00
2,4.jpeg,1,1,1,4/1/2023 0:00
2,5.jpeg,1,1,1,4/1/2023 0:00
2,6.jpeg,1,1,1,4/1/2023 0:00
2,7.jpeg,1,1,1,4/1/2023 0:00
2,8.jpeg,1,1,1,4/1/2023 0:00
2,9.jpeg,1,1,1,4/1/2023 0:00
2,10.jpeg,1,1,1,4/1/2023 0:00
2,11.jpeg,1,1,1,4/1/2023 0:00
2,12.jpeg,1,1,1,4/1/2023 0:00
2,13.jpeg,1,1,1,4/1/2023 0:00
2,14.jpeg,1,1,1,4/1/2023 0:00
2,15.jpeg,1,1,1,4/1/2023 0:00
2,16.jpeg,1,1,1,4/1/2023 0:00
2,17.jpeg,1,1,1,4/1/2023 0:00
2,18.jpeg,1,1,1,4/1/2023 0:00
2,19.jpeg,1,1,1,4/1/2023 0:00
2,20.jpeg,1,1,1,4/1/2023 0:00
2,21.jpeg,1,1,1,4/1/2023 0:00
2,22.jpeg,1,1,1,4/1/2023 0:00
2,23.jpeg,1,1,1,4/1/2023 0:00
2,24.jpeg,1,1,1,4/1/2023 0:00
2,25.jpeg,1,1,1,4/1/2023 0:00
2,26.jpeg,1,1,1,4/1/2023 0:00
3,1.jpeg,1,1,1,4/1/2023 0:00
3,2.jpeg,1,1,1,4/1/2023 0:00
3,3.jpeg,1,1,1,4/1/2023 0:00
3,4.jpeg,1,1,1,4/1/2023 0:00
3,5.jpeg,1,1,1,4/1/2023 0:00
3,6.jpeg,1,1,1,4/1/2023 0:00
3,7.jpeg,1,1,1,4/1/2023 0:00
3,8.jpeg,1,1,1,4/1/2023 0:00
3,9.jpeg,1,1,1,4/1/2023 0:00
3,10.jpeg,1,1,1,4/1/2023 0:00
3,11.jpeg,1,1,1,4/1/2023 0:00
3,12.jpeg,1,1,1,4/1/2023 0:00
3,13.jpeg,1,1,1,4/1/2023 0:00
3,14.jpeg,1,1,1,4/1/2023 0:00
3,15.jpeg,1,1,1,4/1/2023 0:00
3,16.jpeg,1,1,1,4/1/2023 0:00
3,17.jpeg,1,1,1,4/1/2023 0:00
3,18.jpeg,1,1,1,4/1/2023 0:00
3,19.jpeg,1,1,1,4/1/2023 0:00
3,20.jpeg,1,1,1,4/1/2023 0:00
3,21.jpeg,1,1,1,4/1/2023 0:00
3,22.jpeg,1,1,1,4/1/2023 0:00
3,23.jpeg,1,1,1,4/1/2023 0:00
3,24.jpeg,1,1,1,4/1/2023 0:00
3,25.jpeg,1,1,1,4/1/2023 0:00
3,26.jpeg,1,1,1,4/1/2023 0:00
4,1.jpeg,1,1,1,4/1/2023 0:00
4,2.jpeg,1,1,1,4/1/2023 0:00
4,3.jpeg,1,1,1,4/1/2023 0:00
4,4.jpeg,1,1,1,4/1/2023 0:00
4,5.jpeg,1,1,1,4/1/2023 0:00
4,6.jpeg,1,1,1,4/1/2023 0:00
4,7.jpeg,1,1,1,4/1/2023 0:00
4,8.jpeg,1,1,1,4/1/2023 0:00
4,9.jpeg,1,1,1,4/1/2023 0:00
4,10.jpeg,1,1,1,4/1/2023 0:00
4,11.jpeg,1,1,1,4/1/2023 0:00
4,12.jpeg,1,1,1,4/1/2023 0:00
4,13.jpeg,1,1,1,4/1/2023 0:00
4,14.jpeg,1,1,1,4/1/2023 0:00
4,15.jpeg,1,1,1,4/1/2023 0:00
4,16.jpeg,1,1,1,4/1/2023 0:00
4,17.jpeg,1,1,1,4/1/2023 0:00
4,18.jpeg,1,1,1,4/1/2023 0:00
4,19.jpeg,1,1,1,4/1/2023 0:00
4,20.jpeg,1,1,1,4/1/2023 0:00
4,21.jpeg,1,1,1,4/1/2023 0:00
4,22.jpeg,1,1,1,4/1/2023 0:00
4,23.jpeg,1,1,1,4/1/2023 0:00
4,24.jpeg,1,1,1,4/1/2023 0:00
4,25.jpeg,1,1,1,4/1/2023 0:00
4,26.jpeg,1,1,1,4/1/2023 0:00
5,1.jpeg,1,1,1,4/1/2023 0:00
5,2.jpeg,1,1,1,4/1/2023 0:00
5,3.jpeg,1,1,1,4/1/2023 0:00
5,4.jpeg,1,1,1,4/1/2023 0:00
5,5.jpeg,1,1,1,4/1/2023 0:00
5,6.jpeg,1,1,1,4/1/2023 0:00
5,7.jpeg,1,1,1,4/1/2023 0:00
5,8.jpeg,1,1,1,4/1/2023 0:00
5,9.jpeg,1,1,1,4/1/2023 0:00
5,10.jpeg,1,1,1,4/1/2023 0:00
5,11.jpeg,1,1,1,4/1/2023 0:00
5,12.jpeg,1,1,1,4/1/2023 0:00
5,13.jpeg,1,1,1,4/1/2023 0:00
5,14.jpeg,1,1,1,4/1/2023 0:00
5,15.jpeg,1,1,1,4/1/2023 0:00
5,16.jpeg,1,1,1,4/1/2023 0:00
5,17.jpeg,1,1,1,4/1/2023 0:00
5,18.jpeg,1,1,1,4/1/2023 0:00
5,19.jpeg,1,1,1,4/1/2023 0:00
5,20.jpeg,1,1,1,4/1/2023 0:00
5,21.jpeg,1,1,1,4/1/2023 0:00
5,22.jpeg,1,1,1,4/1/2023 0:00
5,23.jpeg,1,1,1,4/1/2023 0:00
5,24.jpeg,1,1,1,4/1/2023 0:00
5,25.jpeg,1,1,1,4/1/2023 0:00
5,26.jpeg,1,1,1,4/1/2023 0:00
6,1.jpeg,1,1,1,4/1/2023 0:00
6,2.jpeg,1,1,1,4/1/2023 0:00
6,3.jpeg,1,1,1,4/1/2023 0:00
6,4.jpeg,1,1,1,4/1/2023 0:00
6,5.jpeg,1,1,1,4/1/2023 0:00
6,6.jpeg,1,1,1,4/1/2023 0:00
6,7.jpeg,1,1,1,4/1/2023 0:00
6,8.jpeg,1,1,1,4/1/2023 0:00
6,9.jpeg,1,1,1,4/1/2023 0:00
6,10.jpeg,1,1,1,4/1/2023 0:00
6,11.jpeg,1,1,1,4/1/2023 0:00
6,12.jpeg,1,1,1,4/1/2023 0:00
6,13.jpeg,1,1,1,4/1/2023 0:00
6,14.jpeg,1,1,1,4/1/2023 0:00
6,15.jpeg,1,1,1,4/1/2023 0:00
6,16.jpeg,1,1,1,4/1/2023 0:00
6,17.jpeg,1,1,1,4/1/2023 0:00
6,18.jpeg,1,1,1,4/1/2023 0:00
6,19.jpeg,1,1,1,4/1/2023 0:00
6,20.jpeg,1,1,1,4/1/2023 0:00
6,21.jpeg,1,1,1,4/1/2023 0:00
6,22.jpeg,1,1,1,4/1/2023 0:00
6,23.jpeg,1,1,1,4/1/2023 0:00
6,24.jpeg,1,1,1,4/1/2023 0:00
6,25.jpeg,1,1,1,4/1/2023 0:00
6,26.jpeg,1,1,1,4/1/2023 0:00
7,1.jpeg,1,1,1,4/1/2023 0:00
7,2.jpeg,1,1,1,4/1/2023 0:00
7,3.jpeg,1,1,1,4/1/2023 0:00
7,4.jpeg,1,1,1,4/1/2023 0:00
7,5.jpeg,1,1,1,4/1/2023 0:00
7,6.jpeg,1,1,1,4/1/2023 0:00
7,7.jpeg,1,1,1,4/1/2023 0:00
7,8.jpeg,1,1,1,4/1/2023 0:00
7,9.jpeg,1,1,1,4/1/2023 0:00
7,10.jpeg,1,1,1,4/1/2023 0:00
7,11.jpeg,1,1,1,4/1/2023 0:00
7,12.jpeg,1,1,1,4/1/2023 0:00
7,13.jpeg,1,1,1,4/1/2023 0:00
7,14.jpeg,1,1,1,4/1/2023 0:00
7,15.jpeg,1,1,1,4/1/2023 0:00
7,16.jpeg,1,1,1,4/1/2023 0:00
7,17.jpeg,1,1,1,4/1/2023 0:00
7,18.jpeg,1,1,1,4/1/2023 0:00
7,19.jpeg,1,1,1,4/1/2023 0:00
7,20.jpeg,1,1,1,4/1/2023 0:00
7,21.jpeg,1,1,1,4/1/2023 0:00
7,22.jpeg,1,1,1,4/1/2023 0:00
7,23.jpeg,1,1,1,4/1/2023 0:00
7,24.jpeg,1,1,1,4/1/2023 0:00
7,25.jpeg,1,1,1,4/1/2023 0:00
7,26.jpeg,1,1,1,4/1/2023 0:00
8,1.jpeg,1,1,1,4/1/2023 0:00
8,2.jpeg,1,1,1,4/1/2023 0:00
8,3.jpeg,1,1,1,4/1/2023 0:00
8,4.jpeg,1,1,1,4/1/2023 0:00
8,5.jpeg,1,1,1,4/1/2023 0:00
8,6.jpeg,1,1,1,4/1/2023 0:00
8,7.jpeg,1,1,1,4/1/2023 0:00
8,8.jpeg,1,1,1,4/1/2023 0:00
8,9.jpeg,1,1,1,4/1/2023 0:00
8,10.jpeg,1,1,1,4/1/2023 0:00
8,11.jpeg,1,1,1,4/1/2023 0:00
8,12.jpeg,1,1,1,4/1/2023 0:00
8,13.jpeg,1,1,1,4/1/2023 0:00
8,14.jpeg,1,1,1,4/1/2023 0:00
8,15.jpeg,1,1,1,4/1/2023 0:00
8,16.jpeg,1,1,1,4/1/2023 0:00
8,17.jpeg,1,1,1,4/1/2023 0:00
8,18.jpeg,1,1,1,4/1/2023 0:00
8,19.jpeg,1,1,1,4/1/2023 0:00
8,20.jpeg,1,1,1,4/1/2023 0:00
8,21.jpeg,1,1,1,4/1/2023 0:00
8,22.jpeg,1,1,1,4/1/2023 0:00
8,23.jpeg,1,1,1,4/1/2023 0:00
8,24.jpeg,1,1,1,4/1/2023 0:00
8,25.jpeg,1,1,1,4/1/2023 0:00
8,26.jpeg,1,1,1,4/1/2023 0:00
9,1.jpeg,1,1,1,4/1/2023 0:00
9,2.jpeg,1,1,1,4/1/2023 0:00
9,3.jpeg,1,1,1,4/1/2023 0:00
9,4.jpeg,1,1,1,4/1/2023 0:00
9,5.jpeg,1,1,1,4/1/2023 0:00
9,6.jpeg,1,1,1,4/1/2023 0:00
9,7.jpeg,1,1,1,4/1/2023 0:00
9,8.jpeg,1,1,1,4/1/2023 0:00
9,9.jpeg,1,1,1,4/1/2023 0:00
9,10.jpeg,1,1,1,4/1/2023 0:00
9,11.jpeg,1,1,1,4/1/2023 0:00
9,12.jpeg,1,1,1,4/1/2023 0:00
9,13.jpeg,1,1,1,4/1/2023 0:00
9,14.jpeg,1,1,1,4/1/2023 0:00
9,15.jpeg,1,1,1,4/1/2023 0:00
9,16.jpeg,1,1,1,4/1/2023 0:00
9,17.jpeg,1,1,1,4/1/2023 0:00
9,18.jpeg,1,1,1,4/1/2023 0:00
9,19.jpeg,1,1,1,4/1/2023 0:00
9,20.jpeg,1,1,1,4/1/2023 0:00
9,21.jpeg,1,1,1,4/1/2023 0:00
9,22.jpeg,1,1,1,4/1/2023 0:00
9,23.jpeg,1,1,1,4/1/2023 0:00
9,24.jpeg,1,1,1,4/1/2023 0:00
9,25.jpeg,1,1,1,4/1/2023 0:00
9,26.jpeg,1,1,1,4/1/2023 0:00
10,1.jpeg,1,1,1,4/1/2023 0:00
10,2.jpeg,1,1,1,4/1/2023 0:00
10,3.jpeg,1,1,1,4/1/2023 0:00
10,4.jpeg,1,1,1,4/1/2023 0:00
10,5.jpeg,1,1,1,4/1/2023 0:00
10,6.jpeg,1,1,1,4/1/2023 0:00
10,7.jpeg,1,1,1,4/1/2023 0:00
10,8.jpeg,1,1,1,4/1/2023 0:00
10,9.jpeg,1,1,1,4/1/2023 0:00
10,10.jpeg,1,1,1,4/1/2023 0:00
10,11.jpeg,1,1,1,4/1/2023 0:00
10,12.jpeg,1,1,1,4/1/2023 0:00
10,13.jpeg,1,1,1,4/1/2023 0:00
10,14.jpeg,1,1,1,4/1/2023 0:00
10,15.jpeg,1,1,1,4/1/2023 0:00
10,16.jpeg,1,1,1,4/1/2023 0:00
10,17.jpeg,1,1,1,4/1/2023 0:00
10,18.jpeg,1,1,1,4/1/2023 0:00
10,19.jpeg,1,1,1,4/1/2023 0:00
10,20.jpeg,1,1,1,4/1/2023 0:00
10,21.jpeg,1,1,1,4/1/2023 0:00
10,22.jpeg,1,1,1,4/1/2023 0:00
10,23.jpeg,1,1,1,4/1/2023 0:00
10,24.jpeg,1,1,1,4/1/2023 0:00
10,25.jpeg,1,1,1,4/1/2023 0:00
10,26.jpeg,1,1,1,4/1/2023 0:00
11,1.jpeg,1,1,1,4/1/2023 0:00
11,2.jpeg,1,1,1,4/1/2023 0:00
11,3.jpeg,1,1,1,4/1/2023 0:00
11,4.jpeg,1,1,1,4/1/2023 0:00
11,5.jpeg,1,1,1,4/1/2023 0:00
11,6.jpeg,1,1,1,4/1/2023 0:00
11,7.jpeg,1,1,1,4/1/2023 0:00
11,8.jpeg,1,1,1,4/1/2023 0:00
11,9.jpeg,1,1,1,4/1/2023 0:00
11,10.jpeg,1,1,1,4/1/2023 0:00
11,11.jpeg,1,1,1,4/1/2023 0:00
11,12.jpeg,1,1,1,4/1/2023 0:00
11,13.jpeg,1,1,1,4/1/2023 0:00
11,14.jpeg,1,1,1,4/1/2023 0:00
11,15.jpeg,1,1,1,4/1/2023 0:00
11,16.jpeg,1,1,1,4/1/2023 0:00
11,17.jpeg,1,1,1,4/1/2023 0:00
11,18.jpeg,1,1,1,4/1/2023 0:00
11,19.jpeg,1,1,1,4/1/2023 0:00
11,20.jpeg,1,1,1,4/1/2023 0:00
11,21.jpeg,1,1,1,4/1/2023 0:00
11,22.jpeg,1,1,1,4/1/2023 0:00
11,23.jpeg,1,1,1,4/1/2023 0:00
11,24.jpeg,1,1,1,4/1/2023 0:00
11,25.jpeg,1,1,1,4/1/2023 0:00
11,26.jpeg,1,1,1,4/1/2023 0:00
12,1.jpeg,1,1,1,4/1/2023 0:00
12,2.jpeg,1,1,1,4/1/2023 0:00
12,3.jpeg,1,1,1,4/1/2023 0:00
12,4.jpeg,1,1,1,4/1/2023 0:00
12,5.jpeg,1,1,1,4/1/2023 0:00
12,6.jpeg,1,1,1,4/1/2023 0:00
12,7.jpeg,1,1,1,4/1/2023 0:00
12,8.jpeg,1,1,1,4/1/2023 0:00
12,9.jpeg,1,1,1,4/1/2023 0:00
12,10.jpeg,1,1,1,4/1/2023 0:00
12,11.jpeg,1,1,1,4/1/2023 0:00
12,12.jpeg,1,1,1,4/1/2023 0:00
12,13.jpeg,1,1,1,4/1/2023 0:00
12,14.jpeg,1,1,1,4/1/2023 0:00
12,15.jpeg,1,1,1,4/1/2023 0:00
12,16.jpeg,1,1,1,4/1/2023 0:00
12,17.jpeg,1,1,1,4/1/2023 0:00
12,18.jpeg,1,1,1,4/1/2023 0:00
12,19.jpeg,1,1,1,4/1/2023 0:00
12,20.jpeg,1,1,1,4/1/2023 0:00
12,21.jpeg,1,1,1,4/1/2023 0:00
12,22.jpeg,1,1,1,4/1/2023 0:00
12,23.jpeg,1,1,1,4/1/2023 0:00
12,24.jpeg,1,1,1,4/1/2023 0:00
12,25.jpeg,1,1,1,4/1/2023 0:00
12,26.jpeg,1,1,1,4/1/2023 0:00
13,1.jpeg,1,1,1,4/1/2023 0:00
13,2.jpeg,1,1,1,4/1/2023 0:00
13,3.jpeg,1,1,1,4/1/2023 0:00
13,4.jpeg,1,1,1,4/1/2023 0:00
13,5.jpeg,1,1,1,4/1/2023 0:00
13,6.jpeg,1,1,1,4/1/2023 0:00
13,7.jpeg,1,1,1,4/1/2023 0:00
13,8.jpeg,1,1,1,4/1/2023 0:00
13,9.jpeg,1,1,1,4/1/2023 0:00
13,10.jpeg,1,1,1,4/1/2023 0:00
13,11.jpeg,1,1,1,4/1/2023 0:00
13,12.jpeg,1,1,1,4/1/2023 0:00
13,13.jpeg,1,1,1,4/1/2023 0:00
13,14.jpeg,1,1,1,4/1/2023 0:00
13,15.jpeg,1,1,1,4/1/2023 0:00
13,16.jpeg,1,1,1,4/1/2023 0:00
13,17.jpeg,1,1,1,4/1/2023 0:00
13,18.jpeg,1,1,1,4/1/2023 0:00
13,19.jpeg,1,1,1,4/1/2023 0:00
13,20.jpeg,1,1,1,4/1/2023 0:00
13,21.jpeg,1,1,1,4/1/2023 0:00
13,22.jpeg,1,1,1,4/1/2023 0:00
13,23.jpeg,1,1,1,4/1/2023 0:00
13,24.jpeg,1,1,1,4/1/2023 0:00
13,25.jpeg,1,1,1,4/1/2023 0:00
13,26.jpeg,1,1,1,4/1/2023 0:00
14,1.jpeg,1,1,1,4/1/2023 0:00
14,2.jpeg,1,1,1,4/1/2023 0:00
14,3.jpeg,1,1,1,4/1/2023 0:00
14,4.jpeg,1,1,1,4/1/2023 0:00
14,5.jpeg,1,1,1,4/1/2023 0:00
14,6.jpeg,1,1,1,4/1/2023 0:00
14,7.jpeg,1,1,1,4/1/2023 0:00
14,8.jpeg,1,1,1,4/1/2023 0:00
14,9.jpeg,1,1,1,4/1/2023 0:00
14,10.jpeg,1,1,1,4/1/2023 0:00
14,11.jpeg,1,1,1,4/1/2023 0:00
14,12.jpeg,1,1,1,4/1/2023 0:00
14,13.jpeg,1,1,1,4/1/2023 0:00
14,14.jpeg,1,1,1,4/1/2023 0:00
14,15.jpeg,1,1,1,4/1/2023 0:00
14,16.jpeg,1,1,1,4/1/2023 0:00
14,17.jpeg,1,1,1,4/1/2023 0:00
14,18.jpeg,1,1,1,4/1/2023 0:00
14,19.jpeg,1,1,1,4/1/2023 0:00
14,20.jpeg,1,1,1,4/1/2023 0:00
14,21.jpeg,1,1,1,4/1/2023 0:00
14,22.jpeg,1,1,1,4/1/2023 0:00
14,23.jpeg,1,1,1,4/1/2023 0:00
14,24.jpeg,1,1,1,4/1/2023 0:00
14,25.jpeg,1,1,1,4/1/2023 0:00
14,26.jpeg,1,1,1,4/1/2023 0:00
15,1.jpeg,1,1,1,4/1/2023 0:00
15,2.jpeg,1,1,1,4/1/2023 0:00
15,3.jpeg,1,1,1,4/1/2023 0:00
15,4.jpeg,1,1,1,4/1/2023 0:00
15,5.jpeg,1,1,1,4/1/2023 0:00
15,6.jpeg,1,1,1,4/1/2023 0:00
15,7.jpeg,1,1,1,4/1/2023 0:00
15,8.jpeg,1,1,1,4/1/2023 0:00
15,9.jpeg,1,1,1,4/1/2023 0:00
15,10.jpeg,1,1,1,4/1/2023 0:00
15,11.jpeg,1,1,1,4/1/2023 0:00
15,12.jpeg,1,1,1,4/1/2023 0:00
15,13.jpeg,1,1,1,4/1/2023 0:00
15,14.jpeg,1,1,1,4/1/2023 0:00
15,15.jpeg,1,1,1,4/1/2023 0:00
15,16.jpeg,1,1,1,4/1/2023 0:00
15,17.jpeg,1,1,1,4/1/2023 0:00
15,18.jpeg,1,1,1,4/1/2023 0:00
15,19.jpeg,1,1,1,4/1/2023 0:00
15,20.jpeg,1,1,1,4/1/2023 0:00
15,21.jpeg,1,1,1,4/1/2023 0:00
15,22.jpeg,1,1,1,4/1/2023 0:00
15,23.jpeg,1,1,1,4/1/2023 0:00
15,24.jpeg,1,1,1,4/1/2023 0:00
15,25.jpeg,1,1,1,4/1/2023 0:00
15,26.jpeg,1,1,1,4/1/2023 0:00
16,1.jpeg,1,1,1,4/1/2023 0:00
16,2.jpeg,1,1,1,4/1/2023 0:00
16,3.jpeg,1,1,1,4/1/2023 0:00
16,4.jpeg,1,1,1,4/1/2023 0:00
16,5.jpeg,1,1,1,4/1/2023 0:00
16,6.jpeg,1,1,1,4/1/2023 0:00
16,7.jpeg,1,1,1,4/1/2023 0:00
16,8.jpeg,1,1,1,4/1/2023 0:00
16,9.jpeg,1,1,1,4/1/2023 0:00
16,10.jpeg,1,1,1,4/1/2023 0:00
16,11.jpeg,1,1,1,4/1/2023 0:00
16,12.jpeg,1,1,1,4/1/2023 0:00
16,13.jpeg,1,1,1,4/1/2023 0:00
16,14.jpeg,1,1,1,4/1/2023 0:00
16,15.jpeg,1,1,1,4/1/2023 0:00
16,16.jpeg,1,1,1,4/1/2023 0:00
16,17.jpeg,1,1,1,4/1/2023 0:00
16,18.jpeg,1,1,1,4/1/2023 0:00
16,19.jpeg,1,1,1,4/1/2023 0:00
16,20.jpeg,1,1,1,4/1/2023 0:00
16,21.jpeg,1,1,1,4/1/2023 0:00
16,22.jpeg,1,1,1,4/1/2023 0:00
16,23.jpeg,1,1,1,4/1/2023 0:00
16,24.jpeg,1,1,1,4/1/2023 0:00
16,25.jpeg,1,1,1,4/1/2023 0:00
16,26.jpeg,1,1,1,4/1/2023 0:00
17,1.jpeg,1,1,1,4/1/2023 0:00
17,2.jpeg,1,1,1,4/1/2023 0:00
17,3.jpeg,1,1,1,4/1/2023 0:00
17,4.jpeg,1,1,1,4/1/2023 0:00
17,5.jpeg,1,1,1,4/1/2023 0:00
17,6.jpeg,1,1,1,4/1/2023 0:00
17,7.jpeg,1,1,1,4/1/2023 0:00
17,8.jpeg,1,1,1,4/1/2023 0:00
17,9.jpeg,1,1,1,4/1/2023 0:00
17,10.jpeg,1,1,1,4/1/2023 0:00
17,11.jpeg,1,1,1,4/1/2023 0:00
17,12.jpeg,1,1,1,4/1/2023 0:00
17,13.jpeg,1,1,1,4/1/2023 0:00
17,14.jpeg,1,1,1,4/1/2023 0:00
17,15.jpeg,1,1,1,4/1/2023 0:00
17,16.jpeg,1,1,1,4/1/2023 0:00
17,17.jpeg,1,1,1,4/1/2023 0:00
17,18.jpeg,1,1,1,4/1/2023 0:00
17,19.jpeg,1,1,1,4/1/2023 0:00
17,20.jpeg,1,1,1,4/1/2023 0:00
17,21.jpeg,1,1,1,4/1/2023 0:00
17,22.jpeg,1,1,1,4/1/2023 0:00
17,23.jpeg,1,1,1,4/1/2023 0:00
17,24.jpeg,1,1,1,4/1/2023 0:00
17,25.jpeg,1,1,1,4/1/2023 0:00
17,26.jpeg,1,1,1,4/1/2023 0:00
18,1.jpeg,1,1,1,4/1/2023 0:00
18,2.jpeg,1,1,1,4/1/2023 0:00
18,3.jpeg,1,1,1,4/1/2023 0:00
18,4.jpeg,1,1,1,4/1/2023 0:00
18,5.jpeg,1,1,1,4/1/2023 0:00
18,6.jpeg,1,1,1,4/1/2023 0:00
18,7.jpeg,1,1,1,4/1/2023 0:00
18,8.jpeg,1,1,1,4/1/2023 0:00
18,9.jpeg,1,1,1,4/1/2023 0:00
18,10.jpeg,1,1,1,4/1/2023 0:00
18,11.jpeg,1,1,1,4/1/2023 0:00
18,12.jpeg,1,1,1,4/1/2023 0:00
18,13.jpeg,1,1,1,4/1/2023 0:00
18,14.jpeg,1,1,1,4/1/2023 0:00
18,15.jpeg,1,1,1,4/1/2023 0:00
18,16.jpeg,1,1,1,4/1/2023 0:00
18,17.jpeg,1,1,1,4/1/2023 0:00
18,18.jpeg,1,1,1,4/1/2023 0:00
18,19.jpeg,1,1,1,4/1/2023 0:00
18,20.jpeg,1,1,1,4/1/2023 0:00
18,21.jpeg,1,1,1,4/1/2023 0:00
18,22.jpeg,1,1,1,4/1/2023 0:00
18,23.jpeg,1,1,1,4/1/2023 0:00
18,24.jpeg,1,1,1,4/1/2023 0:00
18,25.jpeg,1,1,1,4/1/2023 0:00
18,26.jpeg,1,1,1,4/1/2023 0:00
19,1.jpeg,1,1,1,4/1/2023 0:00
19,2.jpeg,1,1,1,4/1/2023 0:00
19,3.jpeg,1,1,1,4/1/2023 0:00
19,4.jpeg,1,1,1,4/1/2023 0:00
19,5.jpeg,1,1,1,4/1/2023 0:00
19,6.jpeg,1,1,1,4/1/2023 0:00
19,7.jpeg,1,1,1,4/1/2023 0:00
19,8.jpeg,1,1,1,4/1/2023 0:00
19,9.jpeg,1,1,1,4/1/2023 0:00
19,10.jpeg,1,1,1,4/1/2023 0:00
19,11.jpeg,1,1,1,4/1/2023 0:00
19,12.jpeg,1,1,1,4/1/2023 0:00
19,13.jpeg,1,1,1,4/1/2023 0:00
19,14.jpeg,1,1,1,4/1/2023 0:00
19,15.jpeg,1,1,1,4/1/2023 0:00
19,16.jpeg,1,1,1,4/1/2023 0:00
19,17.jpeg,1,1,1,4/1/2023 0:00
19,18.jpeg,1,1,1,4/1/2023 0:00
19,19.jpeg,1,1,1,4/1/2023 0:00
19,20.jpeg,1,1,1,4/1/2023 0:00
19,21.jpeg,1,1,1,4/1/2023 0:00
19,22.jpeg,1,1,1,4/1/2023 0:00
19,23.jpeg,1,1,1,4/1/2023 0:00
19,24.jpeg,1,1,1,4/1/2023 0:00
19,25.jpeg,1,1,1,4/1/2023 0:00
19,26.jpeg,1,1,1,4/1/2023 0:00
20,1.jpeg,1,1,1,4/1/2023 0:00
20,2.jpeg,1,1,1,4/1/2023 0:00
20,3.jpeg,1,1,1,4/1/2023 0:00
20,4.jpeg,1,1,1,4/1/2023 0:00
20,5.jpeg,1,1,1,4/1/2023 0:00
20,6.jpeg,1,1,1,4/1/2023 0:00
20,7.jpeg,1,1,1,4/1/2023 0:00
20,8.jpeg,1,1,1,4/1/2023 0:00
20,9.jpeg,1,1,1,4/1/2023 0:00
20,10.jpeg,1,1,1,4/1/2023 0:00
20,11.jpeg,1,1,1,4/1/2023 0:00
20,12.jpeg,1,1,1,4/1/2023 0:00
20,13.jpeg,1,1,1,4/1/2023 0:00
20,14.jpeg,1,1,1,4/1/2023 0:00
20,15.jpeg,1,1,1,4/1/2023 0:00
20,16.jpeg,1,1,1,4/1/2023 0:00
20,17.jpeg,1,1,1,4/1/2023 0:00
20,18.jpeg,1,1,1,4/1/2023 0:00
20,19.jpeg,1,1,1,4/1/2023 0:00
20,20.jpeg,1,1,1,4/1/2023 0:00
20,21.jpeg,1,1,1,4/1/2023 0:00
20,22.jpeg,1,1,1,4/1/2023 0:00
20,23.jpeg,1,1,1,4/1/2023 0:00
20,24.jpeg,1,1,1,4/1/2023 0:00
20,25.jpeg,1,1,1,4/1/2023 0:00
20,26.jpeg,1,1,1,4/1/2023 0:00
21,1.jpeg,1,1,1,4/1/2023 0:00
21,2.jpeg,1,1,1,4/1/2023 0:00
21,3.jpeg,1,1,1,4/1/2023 0:00
21,4.jpeg,1,1,1,4/1/2023 0:00
21,5.jpeg,1,1,1,4/1/2023 0:00
21,6.jpeg,1,1,1,4/1/2023 0:00
21,7.jpeg,1,1,1,4/1/2023 0:00
21,8.jpeg,1,1,1,4/1/2023 0:00
21,9.jpeg,1,1,1,4/1/2023 0:00
21,10.jpeg,1,1,1,4/1/2023 0:00
21,11.jpeg,1,1,1,4/1/2023 0:00
21,12.jpeg,1,1,1,4/1/2023 0:00
21,13.jpeg,1,1,1,4/1/2023 0:00
21,14.jpeg,1,1,1,4/1/2023 0:00
21,15.jpeg,1,1,1,4/1/2023 0:00
21,16.jpeg,1,1,1,4/1/2023 0:00
21,17.jpeg,1,1,1,4/1/2023 0:00
21,18.jpeg,1,1,1,4/1/2023 0:00
21,19.jpeg,1,1,1,4/1/2023 0:00
21,20.jpeg,1,1,1,4/1/2023 0:00
21,21.jpeg,1,1,1,4/1/2023 0:00
21,22.jpeg,1,1,1,4/1/2023 0:00
21,23.jpeg,1,1,1,4/1/2023 0:00
21,24.jpeg,1,1,1,4/1/2023 0:00
21,25.jpeg,1,1,1,4/1/2023 0:00
21,26.jpeg,1,1,1,4/1/2023 0:00
22,1.jpeg,1,1,1,4/1/2023 0:00
22,2.jpeg,1,1,1,4/1/2023 0:00
22,3.jpeg,1,1,1,4/1/2023 0:00
22,4.jpeg,1,1,1,4/1/2023 0:00
22,5.jpeg,1,1,1,4/1/2023 0:00
22,6.jpeg,1,1,1,4/1/2023 0:00
22,7.jpeg,1,1,1,4/1/2023 0:00
22,8.jpeg,1,1,1,4/1/2023 0:00
22,9.jpeg,1,1,1,4/1/2023 0:00
22,10.jpeg,1,1,1,4/1/2023 0:00
22,11.jpeg,1,1,1,4/1/2023 0:00
22,12.jpeg,1,1,1,4/1/2023 0:00
22,13.jpeg,1,1,1,4/1/2023 0:00
22,14.jpeg,1,1,1,4/1/2023 0:00
22,15.jpeg,1,1,1,4/1/2023 0:00
22,16.jpeg,1,1,1,4/1/2023 0:00
22,17.jpeg,1,1,1,4/1/2023 0:00
22,18.jpeg,1,1,1,4/1/2023 0:00
22,19.jpeg,1,1,1,4/1/2023 0:00
22,20.jpeg,1,1,1,4/1/2023 0:00
22,21.jpeg,1,1,1,4/1/2023 0:00
22,22.jpeg,1,1,1,4/1/2023 0:00
22,23.jpeg,1,1,1,4/1/2023 0:00
22,24.jpeg,1,1,1,4/1/2023 0:00
22,25.jpeg,1,1,1,4/1/2023 0:00
22,26.jpeg,1,1,1,4/1/2023 0:00
23,1.jpeg,1,1,1,4/1/2023 0:00
23,2.jpeg,1,1,1,4/1/2023 0:00
23,3.jpeg,1,1,1,4/1/2023 0:00
23,4.jpeg,1,1,1,4/1/2023 0:00
23,5.jpeg,1,1,1,4/1/2023 0:00
23,6.jpeg,1,1,1,4/1/2023 0:00
23,7.jpeg,1,1,1,4/1/2023 0:00
23,8.jpeg,1,1,1,4/1/2023 0:00
23,9.jpeg,1,1,1,4/1/2023 0:00
23,10.jpeg,1,1,1,4/1/2023 0:00
23,11.jpeg,1,1,1,4/1/2023 0:00
23,12.jpeg,1,1,1,4/1/2023 0:00
23,13.jpeg,1,1,1,4/1/2023 0:00
23,14.jpeg,1,1,1,4/1/2023 0:00
23,15.jpeg,1,1,1,4/1/2023 0:00
23,16.jpeg,1,1,1,4/1/2023 0:00
23,17.jpeg,1,1,1,4/1/2023 0:00
23,18.jpeg,1,1,1,4/1/2023 0:00
23,19.jpeg,1,1,1,4/1/2023 0:00
23,20.jpeg,1,1,1,4/1/2023 0:00
23,21.jpeg,1,1,1,4/1/2023 0:00
23,22.jpeg,1,1,1,4/1/2023 0:00
23,23.jpeg,1,1,1,4/1/2023 0:00
23,24.jpeg,1,1,1,4/1/2023 0:00
23,25.jpeg,1,1,1,4/1/2023 0:00
23,26.jpeg,1,1,1,4/1/2023 0:00
24,1.jpeg,1,1,1,4/1/2023 0:00
24,2.jpeg,1,1,1,4/1/2023 0:00
24,3.jpeg,1,1,1,4/1/2023 0:00
24,4.jpeg,1,1,1,4/1/2023 0:00
24,5.jpeg,1,1,1,4/1/2023 0:00
24,6.jpeg,1,1,1,4/1/2023 0:00
24,7.jpeg,1,1,1,4/1/2023 0:00
24,8.jpeg,1,1,1,4/1/2023 0:00
24,9.jpeg,1,1,1,4/1/2023 0:00
24,10.jpeg,1,1,1,4/1/2023 0:00
24,11.jpeg,1,1,1,4/1/2023 0:00
24,12.jpeg,1,1,1,4/1/2023 0:00
24,13.jpeg,1,1,1,4/1/2023 0:00
24,14.jpeg,1,1,1,4/1/2023 0:00
24,15.jpeg,1,1,1,4/1/2023 0:00
24,16.jpeg,1,1,1,4/1/2023 0:00
24,17.jpeg,1,1,1,4/1/2023 0:00
24,18.jpeg,1,1,1,4/1/2023 0:00
24,19.jpeg,1,1,1,4/1/2023 0:00
24,20.jpeg,1,1,1,4/1/2023 0:00
24,21.jpeg,1,1,1,4/1/2023 0:00
24,22.jpeg,1,1,1,4/1/2023 0:00
24,23.jpeg,1,1,1,4/1/2023 0:00
24,24.jpeg,1,1,1,4/1/2023 0:00
24,25.jpeg,1,1,1,4/1/2023 0:00
24,26.jpeg,1,1,1,4/1/2023 0:00
25,1.jpeg,1,1,1,4/1/2023 0:00
25,2.jpeg,1,1,1,4/1/2023 0:00
25,3.jpeg,1,1,1,4/1/2023 0:00
25,4.jpeg,1,1,1,4/1/2023 0:00
25,5.jpeg,1,1,1,4/1/2023 0:00
25,6.jpeg,1,1,1,4/1/2023 0:00
25,7.jpeg,1,1,1,4/1/2023 0:00
25,8.jpeg,1,1,1,4/1/2023 0:00
25,9.jpeg,1,1,1,4/1/2023 0:00
25,10.jpeg,1,1,1,4/1/2023 0:00
25,11.jpeg,1,1,1,4/1/2023 0:00
25,12.jpeg,1,1,1,4/1/2023 0:00
25,13.jpeg,1,1,1,4/1/2023 0:00
25,14.jpeg,1,1,1,4/1/2023 0:00
25,15.jpeg,1,1,1,4/1/2023 0:00
25,16.jpeg,1,1,1,4/1/2023 0:00
25,17.jpeg,1,1,1,4/1/2023 0:00
25,18.jpeg,1,1,1,4/1/2023 0:00
25,19.jpeg,1,1,1,4/1/2023 0:00
25,20.jpeg,1,1,1,4/1/2023 0:00
25,21.jpeg,1,1,1,4/1/2023 0:00
25,22.jpeg,1,1,1,4/1/2023 0:00
25,23.jpeg,1,1,1,4/1/2023 0:00
25,24.jpeg,1,1,1,4/1/2023 0:00
25,25.jpeg,1,1,1,4/1/2023 0:00
25,26.jpeg,1,1,1,4/1/2023 0:00
26,1.jpeg,1,1,1,4/1/2023 0:00
26,2.jpeg,1,1,1,4/1/2023 0:00
26,3.jpeg,1,1,1,4/1/2023 0:00
26,4.jpeg,1,1,1,4/1/2023 0:00
26,5.jpeg,1,1,1,4/1/2023 0:00
26,6.jpeg,1,1,1,4/1/2023 0:00
26,7.jpeg,1,1,1,4/1/2023 0:00
26,8.jpeg,1,1,1,4/1/2023 0:00
26,9.jpeg,1,1,1,4/1/2023 0:00
26,10.jpeg,1,1,1,4/1/2023 0:00
26,11.jpeg,1,1,1,4/1/2023 0:00
26,12.jpeg,1,1,1,4/1/2023 0:00
26,13.jpeg,1,1,1,4/1/2023 0:00
26,14.jpeg,1,1,1,4/1/2023 0:00
26,15.jpeg,1,1,1,4/1/2023 0:00
26,16.jpeg,1,1,1,4/1/2023 0:00
26,17.jpeg,1,1,1,4/1/2023 0:00
26,18.jpeg,1,1,1,4/1/2023 0:00
26,19.jpeg,1,1,1,4/1/2023 0:00
26,20.jpeg,1,1,1,4/1/2023 0:00
26,21.jpeg,1,1,1,4/1/2023 0:00
26,22.jpeg,1,1,1,4/1/2023 0:00
26,23.jpeg,1,1,1,4/1/2023 0:00
26,24.jpeg,1,1,1,4/1/2023 0:00
26,25.jpeg,1,1,1,4/1/2023 0:00
26,26.jpeg,1,1,1,4/1/2023 0:00
